Date,Product Name,Price (USD),URL
2025-07-10,Bionic Men's Stablegrip 1.0 White Golf Glove,18.40,https://www.amazon.com/dp/B00O5NEQP8
2025-07-10,"CRZ YOGA Men's All Day Comfy Golf Pants - 28""/30""/32""/34"" Quick Dry Lightweight Work Casual Trousers with Pockets",38.25,https://www.amazon.com/CRZ-YOGA-All-Day-Comfort-Pants/dp/B09YXL4Y2H
2025-07-10,"CRZ YOGA Men's All Day Comfy Golf Shorts - 7""/9"" Stretch Lightweight Flat Front for Casual Work with Pockets",32.30,https://www.amazon.com/CRZ-YOGA-All-Day-Comfort-Shorts/dp/B0B82HPRMT
2025-07-11,Bionic Men's Stablegrip 1.0 White Golf Glove,18.40,https://www.amazon.com/dp/B00O5NEQP8
2025-07-11,"CRZ YOGA Men's All Day Comfy Golf Pants - 28""/30""/32""/34"" Quick Dry Lightweight Work Casual Trousers with Pockets",38.25,https://www.amazon.com/CRZ-YOGA-All-Day-Comfort-Pants/dp/B09YXL4Y2H
2025-07-11,"CRZ YOGA Men's All Day Comfy Golf Shorts - 7""/9"" Stretch Lightweight Flat Front for Casual Work with Pockets",32.30,https://www.amazon.com/CRZ-YOGA-All-Day-Comfort-Shorts/dp/B0B82HPRMT
2025-07-12,Bionic Men's Stablegrip 1.0 White Golf Glove,18.40,https://www.amazon.com/dp/B00O5NEQP8
2025-07-12,"CRZ YOGA Men's All Day Comfy Golf Pants - 28""/30""/32""/34"" Quick Dry Lightweight Work Casual Trousers with Pockets",38.25,https://www.amazon.com/CRZ-YOGA-All-Day-Comfort-Pants/dp/B09YXL4Y2H
2025-07-12,"CRZ YOGA Men's All Day Comfy Golf Shorts - 7""/9"" Stretch Lightweight Flat Front for Casual Work with Pockets",32.30,https://www.amazon.com/CRZ-YOGA-All-Day-Comfort-Shorts/dp/B0B82HPRMT
2025-07-13,N/A,N/A,https://www.amazon.com/dp/B00O5NEQP8
2025-07-13,N/A,N/A,https://www.amazon.com/CRZ-YOGA-All-Day-Comfort-Pants/dp/B09YXL4Y2H
2025-07-13,N/A,N/A,https://www.amazon.com/CRZ-YOGA-All-Day-Comfort-Shorts/dp/B0B82HPRMT
2025-07-14,"CRZ YOGA Men's All Day Comfy Golf Pants - 28""/30""/32""/34"" Quick Dry Lightweight Work Casual Trousers with Pockets",45.00,https://www.amazon.com/CRZ-YOGA-All-Day-Comfort-Pants/dp/B09YXL4Y2H
2025-07-14,"CRZ YOGA Men's All Day Comfy Golf Shorts - 7""/9"" Stretch Lightweight Flat Front for Casual Work with Pockets",38.00,https://www.amazon.com/CRZ-YOGA-All-Day-Comfort-Shorts/dp/B0B82HPRMT
2025-07-14,Bionic Men's Stablegrip 1.0 White Golf Glove,24.55,https://www.amazon.com/dp/B00O5NEQP8
2025-07-15,Bionic Men's Stablegrip 1.0 White Golf Glove,24.55,https://www.amazon.com/dp/B00O5NEQP8
2025-07-15,N/A,N/A,https://www.amazon.com/CRZ-YOGA-All-Day-Comfort-Pants/dp/B09YXL4Y2H
2025-07-15,N/A,N/A,https://www.amazon.com/CRZ-YOGA-All-Day-Comfort-Shorts/dp/B0B82HPRMT
2025-07-16,Bionic Men's Stablegrip 1.0 White Golf Glove,22.99,https://www.amazon.com/dp/B00O5NEQP8
2025-07-16,"CRZ YOGA Men's All Day Comfy Golf Pants - 28""/30""/32""/34"" Quick Dry Lightweight Work Casual Trousers with Pockets",45.00,https://www.amazon.com/CRZ-YOGA-All-Day-Comfort-Pants/dp/B09YXL4Y2H
2025-07-16,"CRZ YOGA Men's All Day Comfy Golf Shorts - 7""/9"" Stretch Lightweight Flat Front for Casual Work with Pockets",38.00,https://www.amazon.com/CRZ-YOGA-All-Day-Comfort-Shorts/dp/B0B82HPRMT
2025-07-17,Bionic Men's Stablegrip 1.0 White Golf Glove,22.99,https://www.amazon.com/dp/B00O5NEQP8
2025-07-17,"CRZ YOGA Men's All Day Comfy Golf Pants - 28""/30""/32""/34"" Quick Dry Lightweight Work Casual Trousers with Pockets",45.00,https://www.amazon.com/CRZ-YOGA-All-Day-Comfort-Pants/dp/B09YXL4Y2H
2025-07-17,"CRZ YOGA Men's All Day Comfy Golf Shorts - 7""/9"" Stretch Lightweight Flat Front for Casual Work with Pockets",38.00,https://www.amazon.com/CRZ-YOGA-All-Day-Comfort-Shorts/dp/B0B82HPRMT
2025-07-18,"CRZ YOGA Men's All Day Comfy Golf Shorts - 7""/9"" Stretch Lightweight Flat Front for Casual Work with Pockets",38.00,https://www.amazon.com/CRZ-YOGA-All-Day-Comfort-Shorts/dp/B0B82HPRMT
2025-07-18,N/A,N/A,https://www.amazon.com/dp/B00O5NEQP8
2025-07-18,N/A,N/A,https://www.amazon.com/CRZ-YOGA-All-Day-Comfort-Pants/dp/B09YXL4Y2H
2025-07-19,"CRZ YOGA Men's All Day Comfy Golf Pants - 28""/30""/32""/34"" Quick Dry Lightweight Work Casual Trousers with Pockets",45.00,https://www.amazon.com/CRZ-YOGA-All-Day-Comfort-Pants/dp/B09YXL4Y2H
2025-07-19,"CRZ YOGA Men's All Day Comfy Golf Shorts - 7""/9"" Stretch Lightweight Flat Front for Casual Work with Pockets",38.00,https://www.amazon.com/CRZ-YOGA-All-Day-Comfort-Shorts/dp/B0B82HPRMT
2025-07-19,N/A,N/A,https://www.amazon.com/dp/B00O5NEQP8
2025-07-20,Bionic Men's Stablegrip 1.0 White Golf Glove,22.99,https://www.amazon.com/dp/B00O5NEQP8
2025-07-20,"CRZ YOGA Men's All Day Comfy Golf Pants - 28""/30""/32""/34"" Quick Dry Lightweight Work Casual Trousers with Pockets",45.00,https://www.amazon.com/CRZ-YOGA-All-Day-Comfort-Pants/dp/B09YXL4Y2H
2025-07-20,"CRZ YOGA Men's All Day Comfy Golf Shorts - 7""/9"" Stretch Lightweight Flat Front for Casual Work with Pockets",38.00,https://www.amazon.com/CRZ-YOGA-All-Day-Comfort-Shorts/dp/B0B82HPRMT
2025-07-21,N/A,N/A,https://www.amazon.com/dp/B00O5NEQP8
2025-07-21,N/A,N/A,https://www.amazon.com/CRZ-YOGA-All-Day-Comfort-Pants/dp/B09YXL4Y2H
2025-07-21,N/A,N/A,https://www.amazon.com/CRZ-YOGA-All-Day-Comfort-Shorts/dp/B0B82HPRMT
2025-07-22,Bionic Men's Stablegrip 1.0 White Golf Glove,22.10,https://www.amazon.com/dp/B00O5NEQP8
2025-07-22,"CRZ YOGA Men's All Day Comfy Golf Pants - 28""/30""/32""/34"" Quick Dry Lightweight Work Casual Trousers with Pockets",45.00,https://www.amazon.com/CRZ-YOGA-All-Day-Comfort-Pants/dp/B09YXL4Y2H
2025-07-22,"CRZ YOGA Men's All Day Comfy Golf Shorts - 7""/9"" Stretch Lightweight Flat Front for Casual Work with Pockets",38.00,https://www.amazon.com/CRZ-YOGA-All-Day-Comfort-Shorts/dp/B0B82HPRMT
2025-07-23,Bionic Men's Stablegrip 1.0 White Golf Glove,22.10,https://www.amazon.com/dp/B00O5NEQP8
2025-07-23,"CRZ YOGA Men's All Day Comfy Golf Pants - 28""/30""/32""/34"" Quick Dry Lightweight Work Casual Trousers with Pockets",45.00,https://www.amazon.com/CRZ-YOGA-All-Day-Comfort-Pants/dp/B09YXL4Y2H
2025-07-23,"CRZ YOGA Men's All Day Comfy Golf Shorts - 7""/9"" Stretch Lightweight Flat Front for Casual Work with Pockets",38.00,https://www.amazon.com/CRZ-YOGA-All-Day-Comfort-Shorts/dp/B0B82HPRMT
2025-07-24,Bionic Men's Stablegrip 1.0 White Golf Glove,22.10,https://www.amazon.com/dp/B00O5NEQP8
2025-07-24,"CRZ YOGA Men's All Day Comfy Golf Pants - 28""/30""/32""/34"" Quick Dry Lightweight Work Casual Trousers with Pockets",45.00,https://www.amazon.com/CRZ-YOGA-All-Day-Comfort-Pants/dp/B09YXL4Y2H
2025-07-24,"CRZ YOGA Men's All Day Comfy Golf Shorts - 7""/9"" Stretch Lightweight Flat Front for Casual Work with Pockets",38.00,https://www.amazon.com/CRZ-YOGA-All-Day-Comfort-Shorts/dp/B0B82HPRMT
2025-07-25,Bionic Men's Stablegrip 1.0 White Golf Glove,22.10,https://www.amazon.com/dp/B00O5NEQP8
2025-07-25,"CRZ YOGA Men's All Day Comfy Golf Pants - 28""/30""/32""/34"" Quick Dry Lightweight Work Casual Trousers with Pockets",45.00,https://www.amazon.com/CRZ-YOGA-All-Day-Comfort-Pants/dp/B09YXL4Y2H
2025-07-25,"CRZ YOGA Men's All Day Comfy Golf Shorts - 7""/9"" Stretch Lightweight Flat Front for Casual Work with Pockets",38.00,https://www.amazon.com/CRZ-YOGA-All-Day-Comfort-Shorts/dp/B0B82HPRMT
2025-07-26,N/A,N/A,https://www.amazon.com/dp/B00O5NEQP8
2025-07-26,N/A,N/A,https://www.amazon.com/CRZ-YOGA-All-Day-Comfort-Pants/dp/B09YXL4Y2H
2025-07-26,N/A,N/A,https://www.amazon.com/CRZ-YOGA-All-Day-Comfort-Shorts/dp/B0B82HPRMT
2025-07-27,N/A,N/A,https://www.amazon.com/dp/B00O5NEQP8
2025-07-27,N/A,N/A,https://www.amazon.com/CRZ-YOGA-All-Day-Comfort-Pants/dp/B09YXL4Y2H
2025-07-27,N/A,N/A,https://www.amazon.com/CRZ-YOGA-All-Day-Comfort-Shorts/dp/B0B82HPRMT
2025-07-28,N/A,N/A,https://www.amazon.com/dp/B00O5NEQP8
2025-07-28,N/A,N/A,https://www.amazon.com/CRZ-YOGA-All-Day-Comfort-Pants/dp/B09YXL4Y2H
2025-07-28,N/A,N/A,https://www.amazon.com/CRZ-YOGA-All-Day-Comfort-Shorts/dp/B0B82HPRMT
2025-07-29,Bionic Men's Stablegrip 1.0 White Golf Glove,22.10,https://www.amazon.com/dp/B00O5NEQP8
2025-07-29,"CRZ YOGA Men's All Day Comfy Golf Pants - 28""/30""/32""/34"" Quick Dry Lightweight Work Casual Trousers with Pockets",45.00,https://www.amazon.com/CRZ-YOGA-All-Day-Comfort-Pants/dp/B09YXL4Y2H
2025-07-29,"CRZ YOGA Men's All Day Comfy Golf Shorts - 7""/9"" Stretch Lightweight Flat Front for Casual Work with Pockets",38.00,https://www.amazon.com/CRZ-YOGA-All-Day-Comfort-Shorts/dp/B0B82HPRMT
2025-07-30,"CRZ YOGA Men's All Day Comfy Golf Pants - 28""/30""/32""/34"" Quick Dry Lightweight Work Casual Trousers with Pockets",45.00,https://www.amazon.com/CRZ-YOGA-All-Day-Comfort-Pants/dp/B09YXL4Y2H
2025-07-30,"CRZ YOGA Men's All Day Comfy Golf Shorts - 7""/9"" Stretch Lightweight Flat Front for Casual Work with Pockets",38.00,https://www.amazon.com/CRZ-YOGA-All-Day-Comfort-Shorts/dp/B0B82HPRMT
2025-07-30,N/A,N/A,https://www.amazon.com/dp/B00O5NEQP8
2025-07-31,Bionic Men's Stablegrip 1.0 White Golf Glove,22.10,https://www.amazon.com/dp/B00O5NEQP8
2025-07-31,"CRZ YOGA Men's All Day Comfy Golf Pants - 28""/30""/32""/34"" Quick Dry Lightweight Work Casual Trousers with Pockets",45.00,https://www.amazon.com/CRZ-YOGA-All-Day-Comfort-Pants/dp/B09YXL4Y2H
2025-07-31,"CRZ YOGA Men's All Day Comfy Golf Shorts - 7""/9"" Stretch Lightweight Flat Front for Casual Work with Pockets",38.00,https://www.amazon.com/CRZ-YOGA-All-Day-Comfort-Shorts/dp/B0B82HPRMT
2025-08-01,N/A,N/A,https://www.amazon.com/dp/B00O5NEQP8
2025-08-01,N/A,N/A,https://www.amazon.com/CRZ-YOGA-All-Day-Comfort-Pants/dp/B09YXL4Y2H
2025-08-01,N/A,N/A,https://www.amazon.com/CRZ-YOGA-All-Day-Comfort-Shorts/dp/B0B82HPRMT
2025-08-02,Bionic Men's Stablegrip 1.0 White Golf Glove,22.10,https://www.amazon.com/dp/B00O5NEQP8
2025-08-02,"CRZ YOGA Men's All Day Comfy Golf Pants - 28""/30""/32""/34"" Quick Dry Lightweight Work Casual Trousers with Pockets",45.00,https://www.amazon.com/CRZ-YOGA-All-Day-Comfort-Pants/dp/B09YXL4Y2H
2025-08-02,"CRZ YOGA Men's All Day Comfy Golf Shorts - 7""/9"" Stretch Lightweight Flat Front for Casual Work with Pockets",38.00,https://www.amazon.com/CRZ-YOGA-All-Day-Comfort-Shorts/dp/B0B82HPRMT
2025-08-03,N/A,N/A,https://www.amazon.com/dp/B00O5NEQP8
2025-08-03,N/A,N/A,https://www.amazon.com/CRZ-YOGA-All-Day-Comfort-Pants/dp/B09YXL4Y2H
2025-08-03,N/A,N/A,https://www.amazon.com/CRZ-YOGA-All-Day-Comfort-Shorts/dp/B0B82HPRMT
2025-08-04,Bionic Men's Stablegrip 1.0 White Golf Glove,22.10,https://www.amazon.com/dp/B00O5NEQP8
2025-08-04,"CRZ YOGA Men's All Day Comfy Golf Pants - 28""/30""/32""/34"" Quick Dry Lightweight Work Casual Trousers with Pockets",45.00,https://www.amazon.com/CRZ-YOGA-All-Day-Comfort-Pants/dp/B09YXL4Y2H
2025-08-04,"CRZ YOGA Men's All Day Comfy Golf Shorts - 7""/9"" Stretch Lightweight Flat Front for Casual Work with Pockets",38.00,https://www.amazon.com/CRZ-YOGA-All-Day-Comfort-Shorts/dp/B0B82HPRMT
2025-08-05,N/A,N/A,https://www.amazon.com/dp/B00O5NEQP8
2025-08-05,N/A,N/A,https://www.amazon.com/CRZ-YOGA-All-Day-Comfort-Pants/dp/B09YXL4Y2H
2025-08-05,N/A,N/A,https://www.amazon.com/CRZ-YOGA-All-Day-Comfort-Shorts/dp/B0B82HPRMT
2025-08-13,Bionic Men's Stablegrip 1.0 White Golf Glove,22.10,https://www.amazon.com/dp/B00O5NEQP8
2025-08-13,"CRZ YOGA Men's All Day Comfy Golf Pants - 28""/30""/32""/34"" Quick Dry Lightweight Work Casual Trousers with Pockets",45.00,https://www.amazon.com/CRZ-YOGA-All-Day-Comfort-Pants/dp/B09YXL4Y2H
2025-08-13,"CRZ YOGA Men's All Day Comfy Golf Shorts - 7""/9"" Stretch Lightweight Flat Front for Casual Work with Pockets",38.00,https://www.amazon.com/CRZ-YOGA-All-Day-Comfort-Shorts/dp/B0B82HPRMT
2025-08-15,N/A,N/A,https://www.amazon.com/dp/B00O5NEQP8
2025-08-15,N/A,N/A,https://www.amazon.com/CRZ-YOGA-All-Day-Comfort-Pants/dp/B09YXL4Y2H
2025-08-15,N/A,N/A,https://www.amazon.com/CRZ-YOGA-All-Day-Comfort-Shorts/dp/B0B82HPRMT
2025-08-16,N/A,N/A,https://www.amazon.com/dp/B00O5NEQP8
2025-08-16,N/A,N/A,https://www.amazon.com/CRZ-YOGA-All-Day-Comfort-Pants/dp/B09YXL4Y2H
2025-08-16,N/A,N/A,https://www.amazon.com/CRZ-YOGA-All-Day-Comfort-Shorts/dp/B0B82HPRMT
2025-08-17,N/A,N/A,https://www.amazon.com/dp/B00O5NEQP8
2025-08-17,N/A,N/A,https://www.amazon.com/CRZ-YOGA-All-Day-Comfort-Pants/dp/B09YXL4Y2H
2025-08-17,N/A,N/A,https://www.amazon.com/CRZ-YOGA-All-Day-Comfort-Shorts/dp/B0B82HPRMT
2025-08-18,N/A,N/A,https://www.amazon.com/dp/B00O5NEQP8
2025-08-18,N/A,N/A,https://www.amazon.com/CRZ-YOGA-All-Day-Comfort-Pants/dp/B09YXL4Y2H
2025-08-18,N/A,N/A,https://www.amazon.com/CRZ-YOGA-All-Day-Comfort-Shorts/dp/B0B82HPRMT
2025-08-19,Bionic Men's Stablegrip 1.0 White Golf Glove,21.45,https://www.amazon.com/dp/B00O5NEQP8
2025-08-19,"CRZ YOGA Men's All Day Comfy Golf Pants - 28""/30""/32""/34"" Quick Dry Lightweight Work Casual Trousers with Pockets",45.00,https://www.amazon.com/CRZ-YOGA-All-Day-Comfort-Pants/dp/B09YXL4Y2H
2025-08-19,"CRZ YOGA Men's All Day Comfy Golf Shorts - 7""/9"" Stretch Lightweight Flat Front for Casual Work with Pockets",38.00,https://www.amazon.com/CRZ-YOGA-All-Day-Comfort-Shorts/dp/B0B82HPRMT
2025-08-20,Bionic Men's Stablegrip 1.0 White Golf Glove,21.70,https://www.amazon.com/dp/B00O5NEQP8
2025-08-20,"CRZ YOGA Men's All Day Comfy Golf Pants - 28""/30""/32""/34"" Quick Dry Lightweight Work Casual Trousers with Pockets",45.00,https://www.amazon.com/CRZ-YOGA-All-Day-Comfort-Pants/dp/B09YXL4Y2H
2025-08-20,"CRZ YOGA Men's All Day Comfy Golf Shorts - 7""/9"" Stretch Lightweight Flat Front for Casual Work with Pockets",38.00,https://www.amazon.com/CRZ-YOGA-All-Day-Comfort-Shorts/dp/B0B82HPRMT
2025-08-21,Bionic Men's Stablegrip 1.0 White Golf Glove,22.10,https://www.amazon.com/dp/B00O5NEQP8
2025-08-21,"CRZ YOGA Men's All Day Comfy Golf Pants - 28""/30""/32""/34"" Quick Dry Lightweight Work Casual Trousers with Pockets",45.00,https://www.amazon.com/CRZ-YOGA-All-Day-Comfort-Pants/dp/B09YXL4Y2H
2025-08-21,"CRZ YOGA Men's All Day Comfy Golf Shorts - 7""/9"" Stretch Lightweight Flat Front for Casual Work with Pockets",38.00,https://www.amazon.com/CRZ-YOGA-All-Day-Comfort-Shorts/dp/B0B82HPRMT
2025-08-22,Bionic Men's Stablegrip 1.0 White Golf Glove,22.10,https://www.amazon.com/dp/B00O5NEQP8
2025-08-22,"CRZ YOGA Men's All Day Comfy Golf Pants - 28""/30""/32""/34"" Quick Dry Lightweight Work Casual Trousers with Pockets",45.00,https://www.amazon.com/CRZ-YOGA-All-Day-Comfort-Pants/dp/B09YXL4Y2H
2025-08-22,"CRZ YOGA Men's All Day Comfy Golf Shorts - 7""/9"" Stretch Lightweight Flat Front for Casual Work with Pockets",38.00,https://www.amazon.com/CRZ-YOGA-All-Day-Comfort-Shorts/dp/B0B82HPRMT
2025-08-23,N/A,N/A,https://www.amazon.com/dp/B00O5NEQP8
2025-08-23,N/A,N/A,https://www.amazon.com/CRZ-YOGA-All-Day-Comfort-Pants/dp/B09YXL4Y2H
2025-08-23,N/A,N/A,https://www.amazon.com/CRZ-YOGA-All-Day-Comfort-Shorts/dp/B0B82HPRMT
2025-08-24,N/A,N/A,https://www.amazon.com/dp/B00O5NEQP8
2025-08-24,N/A,N/A,https://www.amazon.com/CRZ-YOGA-All-Day-Comfort-Pants/dp/B09YXL4Y2H
2025-08-24,N/A,N/A,https://www.amazon.com/CRZ-YOGA-All-Day-Comfort-Shorts/dp/B0B82HPRMT
2025-08-25,N/A,N/A,https://www.amazon.com/dp/B00O5NEQP8
2025-08-25,N/A,N/A,https://www.amazon.com/CRZ-YOGA-All-Day-Comfort-Pants/dp/B09YXL4Y2H
2025-08-25,N/A,N/A,https://www.amazon.com/CRZ-YOGA-All-Day-Comfort-Shorts/dp/B0B82HPRMT
2025-08-26,N/A,N/A,https://www.amazon.com/dp/B00O5NEQP8
2025-08-26,N/A,N/A,https://www.amazon.com/CRZ-YOGA-All-Day-Comfort-Pants/dp/B09YXL4Y2H
2025-08-26,N/A,N/A,https://www.amazon.com/CRZ-YOGA-All-Day-Comfort-Shorts/dp/B0B82HPRMT
2025-08-27,N/A,N/A,https://www.amazon.com/dp/B00O5NEQP8
2025-08-27,N/A,N/A,https://www.amazon.com/CRZ-YOGA-All-Day-Comfort-Pants/dp/B09YXL4Y2H
2025-08-27,N/A,N/A,https://www.amazon.com/CRZ-YOGA-All-Day-Comfort-Shorts/dp/B0B82HPRMT
2025-08-28,N/A,N/A,https://www.amazon.com/dp/B00O5NEQP8
2025-08-28,N/A,N/A,https://www.amazon.com/CRZ-YOGA-All-Day-Comfort-Pants/dp/B09YXL4Y2H
2025-08-28,N/A,N/A,https://www.amazon.com/CRZ-YOGA-All-Day-Comfort-Shorts/dp/B0B82HPRMT
2025-08-29,Bionic Men's Stablegrip 1.0 White Golf Glove,22.10,https://www.amazon.com/dp/B00O5NEQP8
2025-08-29,"CRZ YOGA Men's All Day Comfy Golf Pants - 28""/30""/32""/34"" Quick Dry Lightweight Work Casual Trousers with Pockets",45.00,https://www.amazon.com/CRZ-YOGA-All-Day-Comfort-Pants/dp/B09YXL4Y2H
2025-08-29,"CRZ YOGA Men's All Day Comfy Golf Shorts - 7""/9"" Stretch Lightweight Flat Front for Casual Work with Pockets",38.00,https://www.amazon.com/CRZ-YOGA-All-Day-Comfort-Shorts/dp/B0B82HPRMT
2025-08-30,"CRZ YOGA Men's All Day Comfy Golf Shorts - 7""/9"" Stretch Lightweight Flat Front for Casual Work with Pockets",38.00,https://www.amazon.com/CRZ-YOGA-All-Day-Comfort-Shorts/dp/B0B82HPRMT
2025-08-30,N/A,N/A,https://www.amazon.com/dp/B00O5NEQP8
2025-08-30,"CRZ YOGA Men's All Day Comfy Golf Pants - 28""/30""/32""/34"" Quick Dry Lightweight Work Casual Trousers with Pockets",45.00,https://www.amazon.com/CRZ-YOGA-All-Day-Comfort-Pants/dp/B09YXL4Y2H
2025-08-31,N/A,N/A,https://www.amazon.com/dp/B00O5NEQP8
2025-08-31,N/A,N/A,https://www.amazon.com/CRZ-YOGA-All-Day-Comfort-Pants/dp/B09YXL4Y2H
2025-08-31,N/A,N/A,https://www.amazon.com/CRZ-YOGA-All-Day-Comfort-Shorts/dp/B0B82HPRMT
2025-09-01,"CRZ YOGA Men's All Day Comfy Golf Shorts - 7""/9"" Stretch Lightweight Flat Front for Casual Work with Pockets",38.00,https://www.amazon.com/CRZ-YOGA-All-Day-Comfort-Shorts/dp/B0B82HPRMT
2025-09-01,N/A,N/A,https://www.amazon.com/dp/B00O5NEQP8
2025-09-01,N/A,N/A,https://www.amazon.com/CRZ-YOGA-All-Day-Comfort-Pants/dp/B09YXL4Y2H
2025-09-02,N/A,N/A,https://www.amazon.com/dp/B00O5NEQP8
2025-09-02,N/A,N/A,https://www.amazon.com/CRZ-YOGA-All-Day-Comfort-Pants/dp/B09YXL4Y2H
2025-09-02,N/A,N/A,https://www.amazon.com/CRZ-YOGA-All-Day-Comfort-Shorts/dp/B0B82HPRMT
2025-09-03,N/A,N/A,https://www.amazon.com/dp/B00O5NEQP8
2025-09-03,N/A,N/A,https://www.amazon.com/CRZ-YOGA-All-Day-Comfort-Pants/dp/B09YXL4Y2H
2025-09-03,N/A,N/A,https://www.amazon.com/CRZ-YOGA-All-Day-Comfort-Shorts/dp/B0B82HPRMT
2025-09-04,N/A,N/A,https://www.amazon.com/dp/B00O5NEQP8
2025-09-04,N/A,N/A,https://www.amazon.com/CRZ-YOGA-All-Day-Comfort-Pants/dp/B09YXL4Y2H
2025-09-04,N/A,N/A,https://www.amazon.com/CRZ-YOGA-All-Day-Comfort-Shorts/dp/B0B82HPRMT
2025-09-05,N/A,N/A,https://www.amazon.com/dp/B00O5NEQP8
2025-09-05,N/A,N/A,https://www.amazon.com/CRZ-YOGA-All-Day-Comfort-Pants/dp/B09YXL4Y2H
2025-09-05,N/A,N/A,https://www.amazon.com/CRZ-YOGA-All-Day-Comfort-Shorts/dp/B0B82HPRMT
2025-09-07,N/A,N/A,https://www.amazon.com/dp/B00O5NEQP8
2025-09-07,N/A,N/A,https://www.amazon.com/CRZ-YOGA-All-Day-Comfort-Pants/dp/B09YXL4Y2H
2025-09-07,N/A,N/A,https://www.amazon.com/CRZ-YOGA-All-Day-Comfort-Shorts/dp/B0B82HPRMT
2025-09-08,N/A,N/A,https://www.amazon.com/dp/B00O5NEQP8
2025-09-08,N/A,N/A,https://www.amazon.com/CRZ-YOGA-All-Day-Comfort-Pants/dp/B09YXL4Y2H
2025-09-08,N/A,N/A,https://www.amazon.com/CRZ-YOGA-All-Day-Comfort-Shorts/dp/B0B82HPRMT
2025-09-09,N/A,N/A,https://www.amazon.com/dp/B00O5NEQP8
2025-09-09,N/A,N/A,https://www.amazon.com/CRZ-YOGA-All-Day-Comfort-Pants/dp/B09YXL4Y2H
2025-09-09,N/A,N/A,https://www.amazon.com/CRZ-YOGA-All-Day-Comfort-Shorts/dp/B0B82HPRMT
2025-09-10,N/A,N/A,https://www.amazon.com/dp/B00O5NEQP8
2025-09-10,N/A,N/A,https://www.amazon.com/CRZ-YOGA-All-Day-Comfort-Pants/dp/B09YXL4Y2H
2025-09-10,N/A,N/A,https://www.amazon.com/CRZ-YOGA-All-Day-Comfort-Shorts/dp/B0B82HPRMT
2025-09-11,N/A,N/A,https://www.amazon.com/dp/B00O5NEQP8
2025-09-11,N/A,N/A,https://www.amazon.com/CRZ-YOGA-All-Day-Comfort-Pants/dp/B09YXL4Y2H
2025-09-11,N/A,N/A,https://www.amazon.com/CRZ-YOGA-All-Day-Comfort-Shorts/dp/B0B82HPRMT
2025-09-12,Bionic Men's Stablegrip 1.0 White Golf Glove,22.10,https://www.amazon.com/dp/B00O5NEQP8
2025-09-12,"CRZ YOGA Men's All Day Comfy Golf Pants - 28""/30""/32""/34"" Quick Dry Lightweight Work Casual Trousers with Pockets",45.00,https://www.amazon.com/CRZ-YOGA-All-Day-Comfort-Pants/dp/B09YXL4Y2H
2025-09-12,"CRZ YOGA Men's All Day Comfy Golf Shorts - 7""/9"" Stretch Lightweight Flat Front for Casual Work with Pockets",38.00,https://www.amazon.com/CRZ-YOGA-All-Day-Comfort-Shorts/dp/B0B82HPRMT
2025-09-13,"CRZ YOGA Men's All Day Comfy Golf Pants - 28""/30""/32""/34"" Quick Dry Lightweight Work Casual Trousers with Pockets",45.00,https://www.amazon.com/CRZ-YOGA-All-Day-Comfort-Pants/dp/B09YXL4Y2H
2025-09-13,"CRZ YOGA Men's All Day Comfy Golf Shorts - 7""/9"" Stretch Lightweight Flat Front for Casual Work with Pockets",38.00,https://www.amazon.com/CRZ-YOGA-All-Day-Comfort-Shorts/dp/B0B82HPRMT
2025-09-13,N/A,N/A,https://www.amazon.com/dp/B00O5NEQP8
2025-09-14,"CRZ YOGA Men's All Day Comfy Golf Shorts - 7""/9"" Stretch Lightweight Flat Front for Casual Work with Pockets",38.00,https://www.amazon.com/CRZ-YOGA-All-Day-Comfort-Shorts/dp/B0B82HPRMT
2025-09-14,N/A,N/A,https://www.amazon.com/dp/B00O5NEQP8
2025-09-14,"CRZ YOGA Men's All Day Comfy Golf Pants - 28""/30""/32""/34"" Quick Dry Lightweight Work Casual Trousers with Pockets",45.00,https://www.amazon.com/CRZ-YOGA-All-Day-Comfort-Pants/dp/B09YXL4Y2H
2025-09-15,N/A,N/A,https://www.amazon.com/dp/B00O5NEQP8
2025-09-15,N/A,N/A,https://www.amazon.com/CRZ-YOGA-All-Day-Comfort-Pants/dp/B09YXL4Y2H
2025-09-15,N/A,N/A,https://www.amazon.com/CRZ-YOGA-All-Day-Comfort-Shorts/dp/B0B82HPRMT
2025-09-16,N/A,N/A,https://www.amazon.com/dp/B00O5NEQP8
2025-09-16,N/A,N/A,https://www.amazon.com/CRZ-YOGA-All-Day-Comfort-Pants/dp/B09YXL4Y2H
2025-09-16,N/A,N/A,https://www.amazon.com/CRZ-YOGA-All-Day-Comfort-Shorts/dp/B0B82HPRMT
2025-09-17,N/A,N/A,https://www.amazon.com/dp/B00O5NEQP8
2025-09-17,"CRZ YOGA Men's All Day Comfy Golf Pants - 28""/30""/32""/34"" Quick Dry Lightweight Work Casual Trousers with Pockets",45.00,https://www.amazon.com/CRZ-YOGA-All-Day-Comfort-Pants/dp/B09YXL4Y2H
2025-09-17,"CRZ YOGA Men's All Day Comfy Golf Shorts - 7""/9"" Stretch Lightweight Flat Front for Casual Work with Pockets",38.00,https://www.amazon.com/CRZ-YOGA-All-Day-Comfort-Shorts/dp/B0B82HPRMT
2025-09-18,N/A,N/A,https://www.amazon.com/dp/B00O5NEQP8
2025-09-18,N/A,N/A,https://www.amazon.com/CRZ-YOGA-All-Day-Comfort-Pants/dp/B09YXL4Y2H
2025-09-18,N/A,N/A,https://www.amazon.com/CRZ-YOGA-All-Day-Comfort-Shorts/dp/B0B82HPRMT
2025-09-19,N/A,N/A,https://www.amazon.com/dp/B00O5NEQP8
2025-09-19,N/A,N/A,https://www.amazon.com/CRZ-YOGA-All-Day-Comfort-Pants/dp/B09YXL4Y2H
2025-09-19,N/A,N/A,https://www.amazon.com/CRZ-YOGA-All-Day-Comfort-Shorts/dp/B0B82HPRMT
2025-09-20,N/A,N/A,https://www.amazon.com/dp/B00O5NEQP8
2025-09-20,"CRZ YOGA Men's All Day Comfy Golf Pants - 28""/30""/32""/34"" Quick Dry Lightweight Work Casual Trousers with Pockets",45.00,https://www.amazon.com/CRZ-YOGA-All-Day-Comfort-Pants/dp/B09YXL4Y2H
2025-09-20,"CRZ YOGA Men's All Day Comfy Golf Shorts - 7""/9"" Stretch Lightweight Flat Front for Casual Work with Pockets",38.00,https://www.amazon.com/CRZ-YOGA-All-Day-Comfort-Shorts/dp/B0B82HPRMT
2025-09-21,"CRZ YOGA Men's All Day Comfy Golf Shorts - 7""/9"" Stretch Lightweight Flat Front for Casual Work with Pockets",38.00,https://www.amazon.com/CRZ-YOGA-All-Day-Comfort-Shorts/dp/B0B82HPRMT
2025-09-21,N/A,N/A,https://www.amazon.com/dp/B00O5NEQP8
2025-09-21,N/A,N/A,https://www.amazon.com/CRZ-YOGA-All-Day-Comfort-Pants/dp/B09YXL4Y2H
2025-09-22,N/A,N/A,https://www.amazon.com/dp/B00O5NEQP8
2025-09-22,N/A,N/A,https://www.amazon.com/CRZ-YOGA-All-Day-Comfort-Pants/dp/B09YXL4Y2H
2025-09-22,N/A,N/A,https://www.amazon.com/CRZ-YOGA-All-Day-Comfort-Shorts/dp/B0B82HPRMT
2025-09-23,N/A,N/A,https://www.amazon.com/dp/B00O5NEQP8
2025-09-23,N/A,N/A,https://www.amazon.com/CRZ-YOGA-All-Day-Comfort-Pants/dp/B09YXL4Y2H
2025-09-23,N/A,N/A,https://www.amazon.com/CRZ-YOGA-All-Day-Comfort-Shorts/dp/B0B82HPRMT
2025-09-24,"CRZ YOGA Men's All Day Comfy Golf Shorts - 7""/9"" Stretch Lightweight Flat Front for Casual Work with Pockets",38.00,https://www.amazon.com/CRZ-YOGA-All-Day-Comfort-Shorts/dp/B0B82HPRMT
2025-09-24,N/A,N/A,https://www.amazon.com/dp/B00O5NEQP8
2025-09-24,N/A,N/A,https://www.amazon.com/CRZ-YOGA-All-Day-Comfort-Pants/dp/B09YXL4Y2H
2025-09-25,N/A,N/A,https://www.amazon.com/dp/B00O5NEQP8
2025-09-25,N/A,N/A,https://www.amazon.com/CRZ-YOGA-All-Day-Comfort-Pants/dp/B09YXL4Y2H
2025-09-25,"CRZ YOGA Men's All Day Comfy Golf Shorts - 7""/9"" Stretch Lightweight Flat Front for Casual Work with Pockets",38.00,https://www.amazon.com/CRZ-YOGA-All-Day-Comfort-Shorts/dp/B0B82HPRMT
